project	import_rc	import_errors	run_rc	run_errors	main_scene
engine_lab	0	8	0	0	
samples/apps/climatist_poc	0	5	0	1	"res://Main.tscn"
samples/apps/vector_crypt	0	5	0	1	"res://Main.tscn"
samples/apps/vector_dashboard	0	5	0	181	"res://main.tscn"
samples/apps/vector_fathom	0	5	0	0	"res://main.tscn"
samples/apps/vg_gps	0	5	0	0	"res://Main.tscn"
samples/apps/vg_hex_editor	0	6	0	0	"res://scenes/Main.tscn"
samples/apps/vg_twinpane	0	6	0	0	"res://scenes/Main.tscn"
samples/apps/web_hello	0	0	0	0	"res://Main.tscn"
samples/demos/2D_Games/Galactic_Defender	0	5	0	0	"res://main.tscn"
samples/demos/2D_Games/Platformer_Godot	0	7	0	2	"res://game_singleplayer.tscn"
samples/demos/2D_Games/Platformer	0	5	0	0	"res://main.tscn"
samples/demos/2D_Games/Pong_Advanced	0	5	0	0	"res://main.tscn"
samples/demos/2D_Games/Pong	0	5	0	0	"res://main.tscn"
samples/demos/2D_Games/Snake	0	6	124	1	"res://main.tscn"
samples/demos/2D_Games/Space_Shooter	0	5	0	0	"res://main.tscn"
samples/demos/2D_Games/Thrust	0	5	0	0	"res://main.tscn"
samples/demos/3D_Games/Squash_The_Creeps	0	5	0	7	"res://main.tscn"
samples/demos/Audio/Piano	0	5	0	0	"res://main.tscn"
samples/demos/Audio/VGMusic	0	5	0	0	"res://main.tscn"
samples/demos/C64_Emulator	0	5	0	0	"main.tscn"
samples/demos/Data_and_Files/HighScores	0	5	124	5668407	"res://main.tscn"
samples/demos/GBA_Emulator	0	5	0	0	"main.tscn"
samples/demos/Graphics/Screensaver	0	5	0	0	"res://main.tscn"
samples/demos/Graphics/Screen_Space_Shaders	0	0	0	0	"res://screen_shaders.tscn"
samples/demos/Graphics/Sky_Shaders	0	5	0	4	"res://Main.tscn"
samples/demos/Graphics/VGMovie	0	5	0	0	"res://main.tscn"
samples/demos/Graphics/VGPaint	0	5	0	0	"res://main.tscn"
samples/demos/Graphics/VGVector	0	5	0	0	"res://main.tscn"
samples/demos/Mobile/Pedometer	0	7	1	3	"res://main.tscn"
samples/demos/Mobile/TiltMaze	0	7	1	3	"res://main.tscn"
samples/demos/Networking/VGTerminal	0	5	0	0	"res://main.tscn"
samples/demos/Threading/ParallelDemo	0	5	0	0	"res://main.tscn"
samples/demos/UI/Calculator	0	5	0	0	"res://main.tscn"
samples/demos/UI/TodoApp	0	5	0	0	"res://main.tscn"
samples/demos/UI/VG_UI_TOOLS	0	6	0	0	"res://Launcher.tscn"
samples/demos/Utilities/DocGen_Example	0	7	1	3	"res://main.tscn"
samples/games/asteroids	0	5	0	0	"res://main.tscn"
samples/games/brotato3d	124	7	0	23	"res://scenes/Main.tscn"
samples/games/brotato_vg	124	7	0	20	"res://scenes/Main.tscn"
samples/games/defender	0	5	0	0	"res://main.tscn"
samples/games/elite_wire_slice	0	5	0	1	"res://main.tscn"
samples/games/platformer_2d	0	5	0	0	"res://main.tscn"
samples/games/pong_ultimate	0	5	0	181	"res://main.tscn"
samples/games/racing_3d	0	15	0	3	"res://main.tscn"
samples/games/vector_storm	0	5	0	1	"res://main.tscn"
samples/games/vg_graven_slice	0	5	0	0	"res://ai_projects/graven_slice/main.tscn"
samples/games/zork	0	6	0	0	"res://main.tscn"
samples/internal/AGCK_Tests	0	11	0	6	"res://build/BLUE_SCREEN/Main.tscn"
samples/internal/vgai_demo	0	5	0	11	"res://main.tscn"
samples/internal/vg_narcea_test	0	5	0	0	"res://test_main.tscn"
samples/showcases/circuit_breaker	0	5	0	0	"res://main.tscn"
samples/showcases/classic_screen_modes	0	5	0	0	"res://Main.tscn"
samples/showcases/demoscene_intro	0	5	0	0	"res://main.tscn"
samples/showcases/qb_abc_showcase	0	5	0	0	"res://Main.tscn"
samples/showcases/vg_beta_showcase	0	5	0	0	"res://tour_main.tscn"
samples/showcases/vg_narcea_movie_demo	0	5	0	0	"res://main.tscn"
